{
  "n" : 10,
  "m" : 3,
  "rd" : [ 0, 26, 65, 102, 107, 110, 143, 144, 148, 165],
  "dd" : [51, 69, 83, 124, 131, 135, 183, 174, 175, 191],
  "w"  : [3.293660, 2.866080, 1.183740, 2.177310, 1.748200, 4.599190, 2.452670, 2.342980, 2.644860, 2.135350 ],
  "d" : [
 [14, 0, 12],
 [16, 0,  7],
 [ 4, 0,  7],
 [ 8, 0, 11],
 [11, 0,  4],
 [19, 0, 15],
 [11, 0, 10],
 [ 9, 0, 10],
 [14, 0,  9],
 [ 9, 0,  7]
]
}
